Feature,Importance
Torque [Nm],30.386682350025847
Rotational speed [rpm],21.94115292199818
Air temperature [K],21.682758953243457
Process temperature [K],-14.429452414079055
Tool wear [min],11.559953360653461
