Feature,Importance
Torque [Nm],30.38067818557158
Rotational speed [rpm],21.939062454983567
Air temperature [K],21.686357211162132
Process temperature [K],-14.437910614721911
Tool wear [min],11.555991533560803
