Precision,Recall,Fbeta Score,Cohen Kappa,Balanced Accuracy,Average Precision
0.12745098039215685,0.8524590163934426,0.39877300613496924,0.1781352451633822,0.8344296113426728,0.11314673738347797
