Feature,Importance
strain,39.266149960086324
temp_diff,-32.981624787615175
power,27.752225252298494
