Feature,Importance
strain,39.26617476413908
temp_diff,-32.92434753126382
power,27.809477704597086
