Precision,Recall,Fbeta Score,Cohen Kappa,Balanced Accuracy,Average Precision
0.09090909090909091,0.7377049180327869,0.30446549391069017,0.11373988455796347,0.7528132635548153,0.07506408345752608
