Feature,Importance
PC1,0.6528223791767153
PC2,0.34717762082328474
