Precision,Recall,Fbeta Score,Cohen Kappa,Balanced Accuracy,Average Precision
0.0607661822985469,0.7540983606557377,0.22977022977022976,0.0593698296111933,0.6937072514985754,0.05332367845464192
