Feature,Importance
Rotational speed [rpm],0.4209108765227032
Torque [Nm],0.36296841469788205
Tool wear [min],0.14458225247280418
Air temperature [K],0.06772813304578124
Process temperature [K],0.0038103232608294344
