Precision,Recall,Fbeta Score,Cohen Kappa,Balanced Accuracy,Average Precision
0.10176991150442478,0.7540983606557377,0.33045977011494254,0.13272411150572283,0.7723560395336451,0.08424452342956623
