learning_rate,max_depth,subsample,colsample_bytree
0.09240716883588854,19,0.8744446631592133,0.8397158457104102
