Precision,Recall,Fbeta Score,Cohen Kappa,Balanced Accuracy,Average Precision
0.8260869565217391,0.6229508196721312,0.6551724137931034,0.7024780697544964,0.8094124908056375,0.5261115466856735
