Precision,Recall,Fbeta Score,Cohen Kappa,Balanced Accuracy,Average Precision
0.6176470588235294,0.6885245901639344,0.673076923076923,0.6395732547336046,0.837557808233076,0.4347651880424301
