Feature,Importance
power,0.40089469179871356
strain,0.3833742494574583
temp_diff,0.2157310587438281
