Feature,Importance
PC2,0.6850577960592387
PC1,0.3149422039407614
