Precision,Recall,Fbeta Score,Cohen Kappa,Balanced Accuracy,Average Precision
0.06060606060606061,0.5901639344262295,0.21479713603818618,0.057802141681992936,0.6511933648407578,0.04826751117734725
