Feature,Importance
PC2,-51.38811852336782
PC1,-48.61188147663218
