Feature,Importance
PC2,-51.38202237295499
PC1,-48.617977627045
