Precision,Recall,Fbeta Score,Cohen Kappa,Balanced Accuracy,Average Precision
0.03980099502487562,0.5245901639344263,0.15267175572519082,0.01832941972361246,0.5632233955309058,0.035379210504852786
