learning_rate,max_depth,subsample,colsample_bytree
0.08819452445854169,75,0.828634416690637,0.848597525599916
