Precision,Recall,Fbeta Score,Cohen Kappa,Balanced Accuracy,Average Precision
0.7804878048780488,0.5245901639344263,0.5614035087719298,0.6180866139358184,0.7599742980579816,0.42393622550979615
