Precision,Recall,Fbeta Score,Cohen Kappa,Balanced Accuracy,Average Precision
0.4752475247524752,0.7868852459016393,0.6956521739130435,0.5764859887447943,0.8797757843742338,0.3804652653789969
