Precision,Recall,Fbeta Score,Cohen Kappa,Balanced Accuracy,Average Precision
0.16285714285714287,0.9344262295081968,0.4797979797979798,0.23777749262158343,0.8916587052646708,0.15417798594847776
