Feature,Importance
power,0.6108009298063615
temp_diff,0.20027260033792185
strain,0.18892646985571673
