Precision,Recall,Fbeta Score,Cohen Kappa,Balanced Accuracy,Average Precision
0.28160919540229884,0.8032786885245902,0.5861244019138755,0.38944497428538327,0.8694062344118567,0.23221066515922367
