Precision,Recall,Fbeta Score,Cohen Kappa,Balanced Accuracy,Average Precision
0.12032085561497326,0.7377049180327869,0.36407766990291257,0.1629992285036368,0.7840149138900396,0.09676128692907864
