learning_rate,max_depth,subsample,colsample_bytree
0.020648176148201768,74,0.5691217939261456,0.9805016541223311
