Precision,Recall,Fbeta Score,Cohen Kappa,Balanced Accuracy,Average Precision
0.819672131147541,0.819672131147541,0.819672131147541,0.8139991038138639,0.9069995519069319,0.6773624025799516
