Precision,Recall,Fbeta Score,Cohen Kappa,Balanced Accuracy,Average Precision
0.9433962264150944,0.819672131147541,0.8417508417508419,0.8736085657280598,0.90906247093736,0.7787755954222084
