Precision,Recall,Fbeta Score,Cohen Kappa,Balanced Accuracy,Average Precision
0.8181818181818182,0.7377049180327869,0.7525083612040133,0.7691863819965378,0.8662738102283585,0.6115767511177348
