Precision,Recall,Fbeta Score,Cohen Kappa,Balanced Accuracy,Average Precision
0.09068627450980392,0.6065573770491803,0.28374233128834353,0.11058471736859166,0.7076108184884891,0.06700642880102861
