Feature,Importance
Torque [Nm],41.10018736632083
power,-22.590152286286724
Tool wear [min],12.556925137851445
Rotational speed [rpm],12.45594023083531
strain,-7.42400912386505
temp_diff,-2.5639551035123143
Air temperature [K],1.1838358274190508
Process temperature [K],-0.12499492390926761
