Precision,Recall,Fbeta Score,Cohen Kappa,Balanced Accuracy,Average Precision
0.1524390243902439,0.819672131147541,0.4370629370629371,0.21678518775474798,0.8381496292663956,0.1304500199920032
