Precision,Recall,Fbeta Score,Cohen Kappa,Balanced Accuracy,Average Precision
0.1519756838905775,0.819672131147541,0.4363001745200698,0.21607002386931629,0.837891764387592,0.13007023269719467
